4721030,Adara,Sleeny,Legal,1975,2004
46084041,Daphna,Boden,Product Management,1980,2003
42002200,Cindy,Nott,Product Management,1979,2000
679380908,Nye,Walsham,Support,1979,2005
49035657,Ibbie,Clara,Engineering,1983,2000
35356865,Domenico,Abelevitz,Legal,1989,2018
575200164,Audre,Shillom,Legal,1984,2003
52490100,Casey,Parkey,Services,1998,2017
64980504,Cello,Gilderoy,Legal,1976,2017
501846600,Dillon,LairdCraig,Services,1973,2005
13537047,Pavla,Sapir,Services,2003,2015
76354109,Michail,Grint,Sales,1981,2021
21695106,Jacquelynn,Woodson,Research and Development,2003,2003
504363919,Marita,Zmitrovich,Services,2000,2016
59779380,Nadya,Di Frisco,Research and Development,1980,2022
41520078,Jacques,Austick,Human Resources,1997,2008
67138533,Robbie,Kernell,Accounting,1987,2018
3786900,Joya,Shoebrook,Engineering,2005,2005
37808550,Nicolea,Sotheby,Business Development,1973,2005
369871907,Nataniel,Thorbon,Support,1979,2002
54575964,Goraud,Whitcomb,Support,2002,2003
42806501,Devan,Liddiatt,Engineering,1972,2016
551543776,Randi,Lillie,Product Management,1972,2008
35356879,Abra,Stinson,Marketing,1981,2008
11673127,Sue,By,Services,1983,2018
9045611,Henka,Fulloway,Research and Development,1975,2001
67457268,Veronique,Athelstan,Product Management,1993,2020
43419383,Cathi,Vearnals,Product Management,1999,2009
1151233,Booth,Geist,Services,2003,2005
665790013,Correy,Ellaman,Training,1990,2002
41520193,Blake,Ruck,Business Development,1973,2011
75956145,Eberhard,Kruszelnicki,Legal,1981,2019
10812953,Rowe,Imorts,Human Resources,2005,2017
52533096,Kayley,Spatarul,Human Resources,2000,2012
619571112,Julio,Haruard,Marketing,1982,2002
49614220,Lizzy,Gethouse,Marketing,1974,2005
369871966,Evvy,MacDunleavy,Support,1982,2017
10893452,Derward,Teodoro,Sales,1998,2018
548684525,Eadith,Chant,Training,1991,2017
3630866,Sargent,Leeds,Training,1989,2007
11084147,Nancee,Catley,Product Management,1994,2019
49884832,Cheston,Huortic,Product Management,2000,2014
41520949,Reyna,Hamlyn,Services,1977,2003
369872084,Gal,Harby,Product Management,1971,2019
1130906,Dominik,Bohling,Product Management,2003,2020
35356752,Gaspar,Le Houx,Product Management,1990,2014
690153,Natale,Zwicker,Engineering,1990,2020
68016070,Whitman,Acuna,Training,1972,2003
42291306,Rubina,Adlard,Product Management,2004,2009
538081046,Ebenezer,Dimitrijevic,Engineering,1994,2011
4095093,Hermina,Elliff,Accounting,1988,2016
51079623,Jerri,Heigl,Legal,1991,2008
55289010,Feodor,Oattes,Services,2005,2013
56062440,Teddie,Remirez,Services,2004,2012
508450104,Chrisy,Croston,Legal,1970,2010
33261674,Selina,Tarbett,Research and Development,1975,2007
513936543,Lynda,La Croce,Human Resources,1970,2018
690301,Christy,Grazier,Accounting,1981,2020
9045135,Gillian,Cobain,Training,1996,2005
3630411,Keely,Ullyatt,Product Management,1980,2007
9041152,Nye,Dallman,Sales,1997,2004
49702222,Grace,Strain,Sales,1990,2004
63739942,Zechariah,Masser,Human Resources,1992,2020
118222461,Siusan,Local,Human Resources,1979,2011
411670244,Mariya,Posselt,Engineering,1994,2002
66116470,Marwin,Sandifer,Research and Development,2001,2005
66141643,Ardis,Benjefield,Engineering,1981,2004
43547250,Meredithe,Border,Engineering,1984,2020
76214031,Morgana,Anderbrugge,Support,1998,2022
369871992,Alyson,Scholcroft,Sales,1981,2009
42589001,Anastasie,Drewe,Sales,1995,2002
45014130,Nannie,Rosedale,Product Management,1994,2017
339921417,Godfree,Sirr,Marketing,1976,2002
76267061,Zebadiah,Stendell,Legal,1994,2006
16729276,Stearne,LaffoleyLane,Research and Development,1993,2000
16252590,Giusto,Borgnet,Product Management,1979,2017
117160003,Rooney,Johns,Legal,1972,2007
3788011,Staci,Fozzard,Engineering,1988,2020
461101,Camile,Learmouth,Marketing,1986,2012
33261363,Sigismond,Margiotta,Marketing,1994,2002
65862245,Dilan,Clutterham,Training,1974,2021
369871410,Wilfrid,Dockree,Business Development,2001,2006
55289148,Elka,Kellet,Research and Development,1985,2017
21695357,Yul,Bees,Legal,1986,2016
595352801,Rodolph,Jandera,Business Development,1974,2007
115233601,Sunny,Hanhard,Research and Development,1973,2010
339921417,Zelda,Crowcum,Training,1999,2018
930011,Florri,Mulkerrins,Research and Development,1981,2011
46122018,Blinnie,Torre,Sales,1973,2016
489511213,Fern,Justun,Human Resources,1972,2017
575200260,Orin,Gosselin,Human Resources,1984,2001
513936444,Madelin,Clear,Sales,1983,2009
24236727,Mariette,Kirk,Training,1988,2021
582329907,Shoshana,Bruhnicke,Business Development,1982,2010
41520656,Kane,Stansall,Support,1971,2014
62007014,Ilka,Kenright,Support,1979,2003
49348128,Kelley,Wingatt,Accounting,1975,2022
115230629,Rancell,Jakolevitch,Business Development,1979,2022
369872246,Darelle,Taylerson,Services,1990,2019
488784020,Darleen,Klinck,Support,1979,2018
54218500,Linell,Healings,Legal,1980,2003
49781063,Arlyn,Pomphrett,Human Resources,1972,2016
49349041,Brietta,Ommundsen,Training,1996,2020
51079941,Mame,Rainsbury,Business Development,1991,2013
51079498,Doris,Londors,Training,1984,2000
687889959,Claudie,Troup,Sales,1974,2001
43749230,Friedrick,McGilvray,Legal,1990,2012
1439783,Marco,Stut,Human Resources,1972,2019
411671003,Phylys,Dronsfield,Business Development,1981,2007
13537470,Alvis,Lummus,Product Management,2002,2022
41250605,Valera,Kemson,Human Resources,1971,2009
492880291,Hamnet,Kinloch,Engineering,1981,2000
426819032,Michele,Sidney,Legal,1973,2018
49643704,Rudolf,Ethridge,Legal,1989,2015
58069010,Buiron,Sommersett,Support,1994,2005
41250224,Ailsun,Featherstonhaugh,Research and Development,1986,2002
55513924,Renie,Chasteau,Marketing,1999,2022
5915442,Arthur,Verlinden,Support,1977,2001
492880492,Randene,Putnam,Human Resources,1986,2008
25021826,Michelle,Balogh,Research and Development,1971,2019
10812432,Colin,Grigor,Services,1972,2000
582280104,Zechariah,Piris,Product Management,1994,2017
21695437,Palm,Franciskiewicz,Human Resources,1995,2009
551548711,Wade,Clapson,Research and Development,1990,2012
489513027,Fons,Faireclough,Product Management,1975,2022
527317023,Etheline,Meads,Services,1990,2006
76354206,Gayla,Gaskin,Product Management,1974,2003
24385532,Rachele,Teggart,Accounting,1970,2008
10578036,Anna,Hylands,Training,1990,2017
2680247,Addie,Samet,Services,1991,2007
9410426,Hodge,Kilshaw,Business Development,1978,2011
44523602,Alasteir,Woodstock,Engineering,1997,2009
548680520,Siana,Breming,Business Development,1996,2016
58930038,Gigi,Joris,Accounting,1972,2007
53345023,Dennie,Firman,Services,1992,2007
673450631,Robinet,Bladesmith,Business Development,1986,2021
43063210,Leroy,Sturdey,Sales,1974,2017
4620293,Gayle,Challicum,Marketing,1977,2015
41163685,Merralee,Blondelle,Training,1994,2009
64084,Agata,Ben,Services,2005,2022
52125149,Antonella,Poulett,Business Development,1978,2005
627424051,Dill,Bellanger,Engineering,1984,2011
75981124,Sallyann,Marjanovic,Training,2000,2016
68084593,Kiele,Gidney,Support,1970,2004
63824122,Nial,Ridhole,Business Development,1979,2001
50485101,Lorenza,Mc Meekan,Sales,1999,2020
42421419,Di,Pottberry,Product Management,1984,2016
63961200,Hermine,Chauvey,Services,2002,2014
937438,Seline,Rosenwald,Engineering,1993,2011
49349805,Wendeline,Tellenbrook,Sales,1995,2000
49643302,Koressa,Hacquel,Product Management,1994,2020
579556006,Michel,Gosney,Support,1990,2001
76000411,Sunshine,Moriarty,Research and Development,1998,2008
35356050,Kristopher,Tite,Product Management,1975,2014
57664160,Franciska,Falshaw,Support,1993,2003
50563184,Burr,Popplestone,Research and Development,1970,2002
496931401,Carline,Stewart,Sales,1980,2021
65923387,Brewer,Ellor,Research and Development,1975,2003
581180240,Gelya,Letford,Product Management,1993,2001
615896008,Prent,Elcocks,Sales,1975,2006
47682120,Carey,Terbrug,Human Resources,1996,2018
6157538,Jodee,Pomery,Training,1983,2022
41520474,Paolo,Eliasen,Accounting,1973,2009
42545000,Yurik,Molden,Human Resources,1981,2013
548684575,Lorie,Dundredge,Sales,1985,2021
21695779,Annora,Mousdall,Legal,1983,2011
21695265,Velma,Webermann,Research and Development,1974,2012
10056541,Darelle,Bienvenu,Human Resources,1999,2009
11673248,Worthy,Briztman,Legal,2003,2002
68828059,Brittaney,Polgreen,Business Development,1995,2021
428090002,Ranee,Fordham,Training,1985,2009
21695338,Amalie,Wemes,Human Resources,2000,2000
575200186,Rivalee,Mayers,Product Management,1990,2017
52810206,Torrance,Sawart,Training,2003,2009
51769107,Nike,Rutter,Support,1985,2002
620110093,Mada,Greeson,Legal,1990,2002
42002202,Oralia,Domokos,Sales,1987,2009
647252168,Patton,Ames,Support,2003,2022
620110012,Alfonse,Brisset,Engineering,1972,2019
9440493,Almeria,Cudde,Services,2005,2004
605052582,Archibold,Kerner,Business Development,1973,2020
64117137,Sileas,Frid,Business Development,1998,2020
63824455,Jacenta,Yeend,Services,1987,2020
68405019,Jere,Berthouloume,Legal,1974,2015
52959084,Nils,Leming,Business Development,1981,2017
52686253,Ebenezer,Brownell,Sales,1971,2013
4069959,Nichole,Adney,Business Development,1997,2021
369871948,Noreen,Jakuszewski,Accounting,1986,2021
49952002,Elton,Aleksashin,Legal,1971,2005
3630428,Aeriela,Grube,Marketing,1983,2000
4069925,Wilhelmina,Boyles,Engineering,1986,2014
59212659,Martie,Hymus,Sales,1995,2000
549730624,Lishe,Tippett,Accounting,1973,2005
60429365,Zacharias,Lamey,Research and Development,1972,2007
49999800,Pepillo,Blythin,Human Resources,1986,2007
61380279,Ryley,Comins,Engineering,1978,2000
17478070,Pietra,Ibanez,Human Resources,2000,2008
52533074,Harcourt,Brassill,Sales,1985,2017
64616107,Jarred,Mehaffey,Accounting,1994,2011
49884117,Ivett,O'Sherrin,Services,1997,2015
66336536,Francis,Filer,Support,1973,2022
98132304,Salim,Olenchenko,Business Development,1977,2013
9045735,Oralle,Huard,Business Development,1996,2009
628392734,Ashlan,Mitie,Business Development,1988,2008
55138003,Tamas,Leedes,Training,1984,2017
52125714,Tabbi,Dowrey,Engineering,1992,2005
63187059,Allison,Carrodus,Services,1992,2003
3780810,Joel,Giacubo,Research and Development,1988,2009
52125306,Hogan,Jaume,Support,1982,2005
31645175,Grover,Padley,Marketing,1973,2011
681515050,Ed,Peele,Marketing,1994,2017
671430101,Nils,Halwood,Human Resources,1987,2009
610960004,Salomo,Held,Services,1994,2009
46122145,Mikkel,Gleeson,Sales,2003,2002
245824,Rockwell,Labell,Research and Development,1977,2004
511416000,Helena,Baine,Services,1974,2020
33261797,Fleur,Riddington,Training,1986,2006
30142864,Rosene,Seabourne,Engineering,2005,2021
58930053,Analiese,Lodden,Training,1988,2003
41520978,Jasmin,Hylands,Business Development,1992,2020
60675003,Derwin,Drewitt,Legal,1989,2020
63354218,Jasmine,Elvish,Human Resources,1979,2009
60258159,Kellina,Kerwick,Product Management,1978,2001
68180351,Myrtice,Bakhrushkin,Engineering,1998,2014
41250323,Ephraim,Santarelli,Accounting,1986,2001
60867100,Alicia,Rime,Product Management,1999,2007
647780493,Charis,Rhodus,Engineering,1994,2018
55316155,Rhody,Wadmore,Marketing,1981,2012
21695184,Birdie,McTrustey,Sales,1985,2013
54838125,Janaye,Ibbett,Training,1981,2015
550453143,Lawrence,Shedden,Legal,1983,2011
13709230,Russ,Aizik,Human Resources,1991,2002
620110015,Angie,Kitteman,Legal,1972,2001
43063437,Luz,Water,Legal,1999,2014
55910897,Marian,Brazer,Accounting,1975,2022
605126457,Jarrid,Thorne,Research and Development,1975,2016
67046477,Guillemette,Taylor,Services,2003,2022
780566,Melisa,Kiehl,Research and Development,1999,2003
533461360,Marven,Salleir,Research and Development,1974,2017
6151571,Ricki,Webborn,Product Management,2000,2000
24385542,Sansone,Driuzzi,Services,1997,2019
69085466,Pooh,Nairns,Research and Development,1977,2021
51079286,Randi,Heephy,Support,2003,2001
551542380,Debi,Siggs,Business Development,1987,2008
49348957,Correy,Rodgier,Training,1993,2013
10056178,Vinson,Lysaght,Accounting,2004,2022
17478717,Aubine,Fardon,Business Development,1970,2001
513937222,Nani,Leap,Research and Development,1978,2006
41163119,Lesly,Morales,Services,2005,2020
35356605,Nananne,Leahy,Sales,1978,2010
369872628,Lowe,Clinkard,Accounting,1980,2009
489515046,Lon,Sisse,Accounting,1977,2000
63323651,Peyton,Kirsop,Marketing,1972,2013
687880167,Bunni,Mockes,Human Resources,1997,2019
63323300,Margie,Paike,Accounting,1985,2011
9046068,Vasilis,Scoffham,Marketing,1987,2002
548684257,Loralie,Attow,Human Resources,1985,2004
492880200,Cherise,Roberds,Sales,1972,2004
58809907,Mill,Krysiak,Training,1998,2011
369872194,Shane,Japp,Training,1999,2018
649421267,Hill,Minci,Sales,1971,2010
68180385,Candis,Ertel,Marketing,1978,2003
3630414,Mahmud,Hedley,Accounting,1986,2002
52544295,Jourdain,Perring,Sales,1980,2019
104811050,Cobb,Feavyour,Human Resources,1977,2002
55648557,Junia,Fielder,Support,1988,2016
51862217,Deonne,Bindley,Product Management,1973,2016
52685438,Luise,Kenforth,Marketing,1973,2015
339923002,Mil,Cobleigh,Training,1971,2018
52125849,Lynea,Cordet,Support,1973,2010
43288250,Elspeth,O'Crowley,Engineering,1989,2014
579555956,Jorge,Dimeloe,Services,1982,2018
58552128,Cordi,Vernham,Training,1991,2010
58876104,Linus,Getcliffe,Training,1971,2018
49404116,Josepha,Trinder,Human Resources,1987,2017
628393904,Tucky,Crowth,Support,1997,2016
369873453,Ivan,Roderham,Human Resources,1980,2001
42361014,Tisha,Litterick,Business Development,2004,2019
2807050,Grier,Dunton,Marketing,1976,2001
63824305,Hollis,Summers,Engineering,2005,2016
650441437,Matilda,Corington,Business Development,2003,2004
650443555,Aymer,Flippen,Engineering,1972,2009
9046034,Hermie,Sneddon,Services,1980,2019
7033671,Dame,Joburn,Legal,1975,2002
68084074,Timmie,Hutsby,Accounting,1989,2021
51346147,Hewet,Rysom,Research and Development,2000,2008
650441516,Kathi,Greeding,Engineering,1995,2014
1433189,Gracia,Johnikin,Research and Development,1975,2019
53389572,Sawyere,di Rocca,Human Resources,1993,2019
4090809,Augustus,Littefair,Legal,2003,2014
67544870,Shela,Marsh,Product Management,2005,2011
636291783,Davina,Harbertson,Support,1993,2015
66479582,Franni,Snelson,Accounting,1970,2006
369871690,Annemarie,Blaxley,Marketing,1994,2019
50991607,Filbert,Peyntue,Engineering,1991,2007
551650104,Rhoda,Mattei,Human Resources,2002,2007
582324013,Wilow,Lace,Human Resources,1970,2014
63323961,Hermon,Nickoll,Legal,1993,2016
636295078,Garvy,Orrey,Legal,1989,2022
1725413,Jennica,Stanlack,Sales,1997,2022
68308325,Roxy,Nowick,Engineering,2000,2021
620110147,Babs,Sweynson,Legal,1972,2002
61570024,Buddie,Corbert,Business Development,1992,2016
65841763,Honor,Rouchy,Business Development,2004,2016
551541485,Ashely,Sandercroft,Legal,1994,2015
682583981,Dov,Aspinwall,Services,1986,2000
58133049,Vincent,Luxford,Legal,1994,2019
5550071,Felicle,Creamen,Engineering,1998,2001
49349291,Michele,Dace,Human Resources,1996,2013
49230643,Marcellina,Phayre,Sales,1998,2022
522571240,Aurea,Abdey,Product Management,1995,2022
67877245,Ambrose,Grandin,Support,1991,2012
548684907,Victor,Hasson,Services,1971,2015
670959,Teresina,Trussman,Business Development,1997,2020
63148241,Eda,Thieme,Support,1980,2004
581186150,Haleigh,Lurriman,Training,1987,2017
68703113,Portia,Viegas,Business Development,2003,2019
49967229,Goldi,Sargerson,Sales,1983,2007
50048138,Somerset,Vasyuchov,Legal,1999,2002
369872374,Emery,Piser,Legal,1983,2000
369872493,Tris,Rump,Engineering,1974,2012
6416082,Wallace,Dawidowitz,Accounting,1975,2010
68220142,Clementius,Ashenhurst,Research and Development,1996,2009
76354010,Devlen,Capsey,Human Resources,1978,2011
37808188,Garwin,Audibert,Sales,1994,2022
522571002,Nichols,Andrewartha,Marketing,1999,2008
595356101,Rutledge,Spalton,Support,1985,2014
51621040,Karleen,Pape,Sales,1971,2009
636292598,Laurens,Greenstock,Sales,1994,2011
3630806,Hope,Arrell,Engineering,1973,2010
43598321,Antone,Arro,Product Management,1981,2010
76103004,Michele,Gamil,Sales,1977,2021
100960038,Temple,McDiarmid,Accounting,1986,2007
9045802,Betsy,Patridge,Support,1987,2001
33261819,Gisele,Polfer,Research and Development,2002,2022
575200117,Cathryn,Poolton,Engineering,2002,2001
42669006,Lydie,Maryon,Engineering,1980,2015
9045788,Nicoli,Hauxby,Business Development,1999,2007
6150362,Arther,Schowenburg,Legal,1984,2022
16590984,Charisse,Kleeborn,Services,1988,2005
25021782,Celine,Rossborough,Human Resources,1989,2016
650446723,Izaak,Gullis,Accounting,1970,2017
649421176,Barry,Fosbraey,Human Resources,1994,2008
68016252,Thaddus,Acres,Product Management,1976,2014
17714025,Chrissy,Ipwell,Product Management,2003,2015
65643010,Georgia,O'Currine,Marketing,2002,2017
66184152,Torey,Pharaoh,Business Development,1992,2004
557141508,Raffaello,Woodvine,Training,1995,2020
68084479,Maud,Squire,Business Development,1996,2015
437420153,Banky,Karadzas,Sales,1985,2015
551541176,Lynette,Nathon,Human Resources,2000,2022
449110065,Davey,Roja,Sales,1989,2018
63981544,Yehudi,Hedgeley,Legal,1984,2007
369872333,Burch,Delahunty,Accounting,2002,2003
65585376,Tomasina,Fulker,Business Development,1973,2014
586684091,Rena,Colbridge,Training,2004,2002
41250038,Suzie,Gillis,Training,1971,2012
63402304,Gilberto,Delagua,Accounting,1997,2014
118224650,Ludovico,Sirkett,Training,1972,2017
938232,Marylin,Creggan,Training,1988,2006
548684683,Ernie,Creaney,Research and Development,1979,2007
548685325,Laural,Everwin,Training,1971,2003
75940131,Adey,Marcombe,Accounting,1971,2015
50563139,Danice,Bellord,Accounting,1978,2011
21220120,Jena,Campione,Research and Development,1997,2003
59779287,Casi,Mattersey,Product Management,1997,2019
3630301,Mick,Bondy,Product Management,2005,2003
9045999,Ximenes,Collyns,Support,2002,2018
41520974,Anne,Bremeyer,Training,1987,2008
11410801,Korry,Korneev,Services,1972,2017
61380313,Kahlil,Leil,Marketing,1975,2012
42346500,Julissa,Mallon,Legal,1980,2014
582320034,Tracey,Brum,Research and Development,1994,2002
58503028,Nicolina,Sebborn,Accounting,1972,2017
3381134,Lona,Blackstone,Services,1992,2020
538080750,Dru,Deny,Support,1996,2006
5913602,Angus,Drysdale,Product Management,1981,2014
56062535,Norby,Crighton,Sales,2000,2019
763293015,Rubie,Knutsen,Sales,1975,2017
43353614,Kerwin,Vannar,Sales,1972,2003
68001207,Silvio,Kesteven,Business Development,1971,2005
13537301,Austin,Tewkesbury,Sales,1982,2012
55910018,Kipp,Kosel,Marketing,1976,2002
504366619,Natalie,Tropman,Accounting,1972,2010
9442833,Jacinthe,Checcucci,Sales,1995,2013
55910335,Arleta,Mac,Accounting,1983,2016
548685309,Chase,Rodnight,Support,1990,2000
492880256,Lory,Seelbach,Accounting,1996,2007
63187113,Lynelle,Surgener,Business Development,2002,2017
50078201,Maynord,Corrie,Services,1999,2005
45802680,Gianna,De Laci,Human Resources,1983,2014
3632173,Karim,Gilhouley,Business Development,1980,2016
21695510,Christin,Mixter,Sales,1976,2020
63739415,Hadleigh,Gotthard.sf,Business Development,1972,2022
68084416,Clotilda,McElwee,Training,1982,2004
3633420,Filip,Sams,Support,1985,2006
100960311,Shelly,Kilmurray,Product Management,1986,2017
45014163,Any,Mundford,Engineering,1989,2000
65841670,Dora,Hulson,Product Management,1975,2010
645250545,Reinaldo,Carmont,Legal,1986,2006
75913647,Dory,Dunkerley,Support,1976,2000
62577613,Rodrick,Gerding,Engineering,1997,2000
557144599,Maggie,Odgers,Human Resources,1978,2013
16590034,Barny,Barthelet,Human Resources,1970,2012
55910240,Alix,Petworth,Research and Development,1996,2009
52584775,Cornie,Stormes,Business Development,1986,2014
240590,Vilma,Bister,Sales,1979,2012
16714522,Aleksandr,Sautter,Product Management,2003,2000
3786550,Flore,Heynel,Legal,1971,2018
1130306,Sigismundo,Daal,Marketing,1974,2019
50383930,Brandi,Swindells,Engineering,1981,2018
2686676,Valma,Kaley,Engineering,1970,2010
50580296,Cecile,McCurrie,Marketing,1986,2020
575200043,Calida,Sexton,Product Management,1974,2011
37205030,Filmer,Callen,Human Resources,1995,2010
7811048,Lana,Hanby,Research and Development,2005,2022
45028001,Briggs,Tomich,Legal,1985,2012
545692059,Claiborn,Gonthard,Business Development,1980,2013
101911909,Donaugh,Layburn,Training,1973,2006
59779025,Niel,Dressel,Product Management,1985,2022
101911845,Austin,Gorusso,Services,1971,2020
6150522,Prince,Hellsdon,Research and Development,1990,2001
689686625,Krissie,D'Arrigo,Business Development,1994,2019
53041405,Georgianna,Rishbrook,Accounting,2000,2022
68180314,Algernon,Blewett,Support,1987,2014
35356621,Bernardine,Pridie,Research and Development,1989,2007
489511062,Adeline,Chomicki,Product Management,1990,2007
42549542,Marie,Duxbarry,Accounting,2001,2004
2681046,Gavin,Wornum,Sales,1997,2004
63730204,Aubrey,Heddon,Business Development,2001,2010
64117984,Corabelle,Mothersdale,Research and Development,1992,2015
64220421,Amata,Corringham,Accounting,1984,2017
59779264,Annemarie,Pavel,Support,1988,2009
681511170,Clerissa,Lukianovich,Services,1992,2013
10812291,Alix,Sharrier,Marketing,1999,2002
548680062,Talia,Massen,Human Resources,1979,2005
49349566,Marmaduke,Frandsen,Human Resources,1973,2008
437420305,Sinclair,Jore,Training,1976,2003
551544332,Drucill,Meys,Marketing,1983,2010
369873217,Liliane,Biffen,Engineering,1978,2013
52584485,Sarina,Reide,Accounting,1989,2021
52862308,Elissa,Johnys,Marketing,1970,2015
550451147,Gard,Guillot,Business Development,1973,2020
1730178,Juliann,Dundridge,Legal,1984,2004
58481000,Bertha,Foli,Product Management,1976,2017
68152108,Nil,Eard,Training,1994,2008
42602005,Anabelle,Stenett,Human Resources,1974,2003
605052763,Christy,Mardee,Marketing,1999,2009
64058514,Celestina,Riatt,Marketing,1974,2010
369872829,Ulla,Rosel,Research and Development,1995,2011
566521448,Egor,Busuioc,Mathematics,2001,2021
566521448,Egor,Busuioc,Mathematics,2001,2021
42507140,Constance,Ivanchin,Marketing,1987,2015
489514098,Sydney,Worssam,Services,1989,2009
63323351,Antonetta,Gatsby,Research and Development,1980,2003
59779115,Udell,Arnopp,Accounting,1985,2019
369872294,Ana,Hemstead,Support,1983,2012
16590090,Erda,Penzer,Sales,1980,2008
55289511,Elianora,Weald,Engineering,1981,2016
605050027,Nev,Tassel,Human Resources,1978,2001
59078022,Lona,Halley,Services,1987,2015
645780098,Currie,Bray,Services,1974,2002
55289328,Boonie,Chittey,Legal,2005,2014
68084375,Reba,Oliff,Engineering,1991,2017
25021146,Riley,Goldstraw,Sales,1973,2007
627218110,Emelen,Poulett,Training,1987,2004
68016024,Alvin,Kear,Business Development,1990,2004
59779018,Obediah,Ker,Sales,1986,2019
63868980,Graig,Roofe,Sales,2003,2021
47781147,Levey,Simester,Training,2000,2021
62171020,Bertie,Seabon,Business Development,1971,2003
66538101,Hercule,Alliband,Engineering,1991,2016
575200598,Robbyn,Simionato,Legal,1997,2010
671430102,Jami,Thowless,Marketing,1976,2008
581180613,Letizia,McKea,Research and Development,1985,2022
25021222,Niccolo,Ballam,Research and Development,1990,2013
10812206,Boniface,Fullick,Business Development,2003,2010
63354162,Birgitta,Bleaden,Accounting,1993,2005
57469001,Will,Medhurst,Legal,1970,2017
8320303,Welbie,Wigan,Business Development,2000,2017
60760535,Antonella,Loton,Research and Development,1986,2020
66975406,Lesya,Goodie,Product Management,1982,2001
57337056,Babette,Frazier,Services,2005,2017
548685259,Greg,Leftridge,Accounting,1987,2021
43063537,Arabella,Stuckey,Support,1991,2021
76049007,Fernanda,Peret,Human Resources,1976,2022
49349572,Ches,Cackett,Services,1990,2014
5271380,Daniela,Mullin,Sales,1979,2012
501844800,Marjie,Nolan,Support,1979,2003
16252543,Uriah,Drawmer,Product Management,1985,2015
548683993,Anthia,Renbold,Product Management,1979,2010
49738801,Del,Meekin,Engineering,1993,2001
53943115,Janenna,Le Prevost,Training,1989,2018
65841618,Tamma,Greenall,Legal,1997,2013
369871466,Hildy,Tolwood,Sales,1979,2015
43353768,Derick,Gheeorghie,Human Resources,1983,2009
4097889,Dorelle,Spurr,Training,1992,2009
63777145,Syd,Schafer,Services,1988,2019
66780310,Bianca,Beslier,Marketing,2004,2015
37205960,Brocky,Dymond,Legal,1999,2017
35000702,Saunders,Chander,Business Development,1977,2019
369873186,Kaela,Haycraft,Accounting,1984,2002
69017202,Wilhelmina,Gergely,Training,1999,2019
10202974,Nigel,Feacham,Sales,1981,2011
510021,Penrod,Haston,Legal,2000,2007
43063191,Peggie,Goschalk,Product Management,1978,2001
4090807,Teressa,Seville,Support,2002,2000
49738964,Danette,Creamen,Accounting,1970,2021
492880353,Francene,Eisenberg,Human Resources,1977,2005
55150154,Zilvia,McElwee,Accounting,1999,2012
59746348,Daphene,Pickett,Business Development,1984,2002
5361881,Truman,Grosier,Services,1993,2002
21695507,Gib,Workman,Human Resources,2000,2000
3639529,Laney,Preddle,Engineering,1976,2022
2450242,Teriann,Blant,Training,1992,2002
52533101,Natividad,Sisnett,Services,1996,2018
58411103,Georgie,Petrashov,Human Resources,1998,2000
16729173,Alberta,Nitti,Training,1989,2015
50268752,Claudia,Nitto,Human Resources,1979,2013
520108,Eleonora,Sisneros,Business Development,2003,2020
41163484,Kingston,Dufoure,Sales,1981,2017
649421226,Hadleigh,Merry,Legal,2003,2011
4094055,Yurik,Tomeo,Training,2002,2005
118223207,Edna,Norvel,Legal,2002,2006
51785514,Winonah,Shattock,Services,1979,2020
11410701,Ulrika,Allix,Sales,1988,2007
6034224,Conny,Toplis,Legal,1994,2003
2680956,Kim,Belverstone,Services,1985,2001
605050271,Melody,Corden,Accounting,1993,2005
780248,Aliza,Windebank,Training,1976,2021
369873368,Chiquita,Livock,Accounting,1970,2006
42936585,Jobi,Whittlesey,Services,1975,2018
17452400,Gradeigh,Plowell,Accounting,1998,2013
50804845,Laney,Brewis,Human Resources,1997,2014
52686225,Michelina,Spitaro,Human Resources,1985,2008
619579402,Doloritas,Carruth,Services,1972,2002
51401030,Hubey,Amerighi,Training,2003,2001
49349494,Estell,Graddell,Business Development,2005,2017
62032522,Theodor,Dilloway,Training,2005,2005
49738258,Aurora,Lifsey,Services,1976,2012
9042821,Terrie,Desporte,Legal,1998,2019
579555126,Gypsy,Landrean,Support,1972,2022
49884402,Kristo,Stolting,Business Development,1991,2012
55316163,Fleurette,Schruyers,Marketing,1994,2015
66097002,Gris,Bickerstaffe,Human Resources,2003,2013
52125542,Peria,Thornbarrow,Engineering,2001,2012
67877240,Odetta,Cawthry,Product Management,1981,2019
118224202,Gonzales,Heater,Sales,1981,2002
24385493,Horst,Applewhaite,Research and Development,1989,2018
761191442,Anita,Ben,Support,1986,2004
575200556,Johnnie,Churcher,Sales,1992,2012
52854030,Catha,Banbridge,Business Development,1985,2013
30056007,Charmion,Weald,Human Resources,1988,2000
47593391,Torrey,Scotchford,Human Resources,1997,2003
545690572,Arlina,Legrice,Marketing,1973,2005
66357180,Felipa,Tovey,Support,2000,2006
682100402,Wang,Willeman,Services,1988,2020
369872969,Binni,Barkess,Support,1990,2006
459840002,Cora,Monteaux,Legal,1995,2005
551541337,Hillery,Embery,Support,1996,2008
66949517,Alyse,Matfin,Services,1975,2018
59148018,Rosmunda,Nana,Product Management,2005,2003
295009077,Rubie,Weerdenburg,Marketing,1985,2019
33261495,Minne,Goolden,Product Management,1982,2009
545320013,Iver,MacTerrelly,Human Resources,1980,2013
68084432,Susi,Leeming,Training,1984,2005
41520130,Hildagarde,Stutte,Accounting,1991,2014
49609101,Christiane,Sheppard,Legal,1973,2017
43611002,Eric,Newlyn,Human Resources,1985,2012
37000910,Samuele,McLinden,Marketing,1992,2007
3630527,Emmott,Waber,Research and Development,2002,2000
67618106,Nert,Cettell,Product Management,1997,2014
68084772,Ophelie,Bellefonte,Accounting,1978,2022
50532112,Jackson,Byrch,Services,1972,2022
549736440,Vyky,Michelmore,Sales,1997,2008
63874293,Stanleigh,HydeChambers,Training,1986,2013
4561140,Sammy,Sumpter,Engineering,1996,2008
581180009,Lanae,Edelston,Product Management,1986,2005
10056710,Patsy,Wyborn,Product Management,1972,2018
5271638,Harbert,Stutte,Sales,1972,2020
37808578,Bibi,Wellbelove,Accounting,1984,2000
61786037,Haroun,Slingsby,Human Resources,2004,2002
37808305,Vivianna,Samson,Human Resources,1978,2002
49884117,Jewell,Gowry,Human Resources,2000,2001
42291803,Myrwyn,Marley,Services,1985,2011
64893210,Ugo,Seignior,Research and Development,2005,2013
41163884,Kennith,Owenson,Research and Development,2000,2011
57237005,Karole,Gasker,Accounting,2000,2003
43063474,Anna,Everix,Human Resources,1974,2003
548680668,Marjie,McGinlay,Services,2000,2015
55150127,Wendel,Orsay,Training,1987,2008
68084485,Demetri,Rushmare,Marketing,2003,2004
65954768,Ingrim,Prettjohn,Legal,1993,2008
64980159,Arabel,Pandya,Accounting,1993,2004
616570965,Tonia,Bampkin,Research and Development,2001,2008
16714401,Karalynn,Elizabeth,Accounting,1997,2022
6155552,Terri,Dumingos,Marketing,1972,2019
45865348,Waiter,Stops,Accounting,2005,2022
108194075,Tera,Sanchez,Business Development,2004,2013
369871493,Rhodie,Mooring,Business Development,1991,2011
51079854,Walsh,Peery,Human Resources,1998,2022
579550010,Karly,Tinner,Business Development,1999,2000
369871507,Porty,Seal,Human Resources,2000,2015
3635460,Roselia,Boncoeur,Research and Development,1976,2016
64679927,Sherye,Brandenberg,Accounting,2004,2005
20482016,Roseline,Feldharker,Human Resources,1996,2012
6155549,Zebulen,Aymes,Accounting,2000,2019
551543625,Sharla,Danilchik,Engineering,1999,2008
75921438,Cele,Blamey,Business Development,1983,2010
501141064,Barry,Romaine,Accounting,1996,2005
551545009,Peri,Nesfield,Marketing,1975,2015
76105479,Angelita,Whyberd,Legal,1972,2000
42858902,Ellynn,Balham,Support,1972,2008
66129010,Benni,Hafford,Legal,1976,2011
548684451,Palmer,Shane,Business Development,1973,2006
107422002,Shaylyn,Titcombe,Accounting,1973,2006
43074205,Cary,Fradgley,Product Management,1986,2012
5970147,Chick,Lougheid,Engineering,1997,2008
41250388,Archer,Alven,Legal,1981,2010
59779026,Jarrod,Matiebe,Legal,1997,2012
11559040,Jennifer,Sumers,Accounting,1998,2002
52244040,Marcie,Castille,Business Development,2005,2010
47335834,Emiline,Tellenbrok,Engineering,2005,2017
49643408,Johnathon,Fairbeard,Legal,1984,2009
13734112,Land,Boerder,Support,1971,2008
37205706,Darcie,Lodder,Training,1987,2016
52584038,Palm,Reynold,Training,1994,2022
548686102,Alisha,Eckert,Services,1988,2009
68645272,Samuele,Pidgeley,Human Resources,1993,2013
69153040,Mauricio,Lempenny,Legal,1997,2018
13537520,Ninnette,Covelle,Human Resources,2003,2000
579550041,Maddy,Riall,Support,2001,2003
605121002,Ned,Balhatchet,Research and Development,1999,2010
5912160,Otto,O'Shirine,Accounting,1978,2006
57910404,Alejoa,Radden,Support,1972,2021
67777232,Bear,Whatman,Accounting,1977,2009
37000367,Elayne,Potter,Product Management,1983,2017
49852165,Robena,Christie,Engineering,1986,2019
53425002,Pier,Cohane,Accounting,1991,2007
551547553,Sonny,Hesbrook,Sales,2000,2020
47124232,Jehanna,Olivia,Services,1996,2004
10812013,Genni,Maryott,Accounting,1977,2014
45737250,Colene,Drohane,Accounting,1987,2006
24236167,Lane,Gartenfeld,Sales,1977,2001
68791102,Berkeley,Baldree,Sales,1984,2013
10370219,Alaster,Zealey,Product Management,1978,2007
30142047,Dulcine,Thynne,Engineering,2003,2021
492150005,Tuckie,Kitcherside,Services,1982,2012
53329140,Alma,Ody,Support,1992,2019
575200212,Torry,Genty,Training,1986,2007
52685350,Morgan,Tellenbrook,Marketing,1971,2020
16590434,Antonino,Bettanay,Services,1972,2013
620110136,Allan,Minchi,Support,2002,2017
369871579,Earlie,Wherry,Sales,1992,2008
55910308,Phylys,Clavering,Legal,2000,2004
50975001,Easter,Esh,Services,1983,2017
68462235,Celestina,Jahner,Engineering,1974,2010
7815627,Frannie,Hercules,Legal,2000,2006
4063244,Keelby,Meller,Accounting,1993,2019
52272001,Dexter,Morrish,Business Development,1989,2004
62802649,Ezechiel,Sealand,Accounting,1991,2001
41163230,Micki,Eatttok,Sales,2005,2005
52584207,Lindie,Gladtbach,Marketing,2000,2010
2680038,Torrie,Braunstein,Human Resources,1981,2014
37205121,Sophi,Verrall,Product Management,2003,2000
35356570,Stesha,Willoughway,Marketing,1973,2019
9444211,Dniren,Dik,Sales,2002,2021
20703001,Aimee,Trayton,Sales,1973,2005
49884514,La verne,Patroni,Legal,1973,2008
43353813,Pincus,Bollam,Business Development,1986,2000
57237099,Giralda,Littell,Accounting,1982,2009
543555,Cathy,Rozier,Training,1997,2014
1875268,Neddie,Emney,Research and Development,1976,2002
49349098,Happy,Brinded,Legal,1994,2004
52125517,Idalina,Axe,Engineering,2004,2013
55312977,Abbi,Bernardt,Human Resources,1988,2022
11673915,Henrietta,Cruddace,Product Management,1971,2001
616570015,Vonni,Kendred,Support,1978,2006
682585972,Anstice,Scarsbrick,Accounting,1971,2000
55289606,Brade,Arntzen,Accounting,1974,2019
9047891,Bendix,Brayson,Training,1996,2013
438570013,Lauraine,Eyres,Services,1971,2020
52959516,Chad,Yanuk,Engineering,1999,2011
52685392,Jewel,Bront,Services,2001,2007
51621036,Donavon,Donavan,Training,2004,2016
59898180,Gertrud,Cleghorn,Engineering,1971,2008
6157768,Chen,Sugars,Support,2000,2001
504360736,My,Gillow,Human Resources,1980,2012
1130698,Estevan,Peal,Engineering,1997,2007
649421233,Martie,Boise,Services,1980,2007
34666111,Corrine,Hulke,Product Management,1999,2004
64760208,Avram,Wistance,Marketing,1983,2003
17156614,Rosmunda,Crust,Legal,1999,2011
555044000,Calla,Shackle,Engineering,1976,2021
55289094,Quintina,Dukelow,Product Management,1988,2016
36800955,Shaylynn,Bennen,Human Resources,1970,2008
472021503,Ermengarde,Pavlenko,Product Management,1975,2015
36800299,Graeme,Jobes,Engineering,2004,2010
581180922,Raina,Chesher,Sales,1985,2001
627424059,Edee,Sibbson,Accounting,1970,2019
51811352,Laryssa,Derham,Training,1970,2021
52685437,Steven,Bizley,Accounting,1979,2005
23359003,Imelda,Moraleda,Product Management,1985,2015
548685624,Robyn,Alekseicik,Training,1976,2003
68703120,Karylin,Gomersal,Human Resources,1980,2018
7035233,Lezlie,Christensen,Product Management,1992,2019
551544327,Kaycee,Kehoe,Training,2005,2012
551545376,Tiffanie,Waterhowse,Research and Development,1996,2012
3781066,Shayna,Winchester,Research and Development,1986,2017
49967106,Reinaldos,Trass,Research and Development,1984,2015
575201053,Egbert,Cliffe,Accounting,1990,2002
551546648,Gunther,Stoker,Accounting,1980,2002
21130678,Wendell,Lohrensen,Accounting,1979,2015
605961072,Mark,Coddrington,Legal,1994,2001
687889013,Doroteya,Casol,Research and Development,1996,2018
636295274,Shelley,Searl,Product Management,1983,2022
636293375,Mikol,Shipperbottom,Business Development,1993,2008
501141122,Rochella,Rundle,Legal,1996,2008
60539001,Diego,Dory,Marketing,1993,2014
51079198,Garrett,Larchiere,Product Management,1999,2021
6157536,Brier,Playdon,Product Management,2005,2019
49520201,Merrili,Karlmann,Accounting,1984,2000
42254227,Aubrie,Ransom,Business Development,1994,2021
626951001,Lorenza,Kimmins,Research and Development,1997,2010
61703360,Munmro,Alyonov,Human Resources,1990,2018
14783316,Mirabel,Hobble,Legal,1983,2001
636295052,Calvin,Hegley,Marketing,1997,2001
21130426,Marcel,Severwright,Accounting,1999,2016
49349094,Jeremie,Dwyer,Services,1986,2004
3635440,Kristos,Keady,Research and Development,2003,2014
44076012,Carly,Sara,Training,1989,2010
369872330,Shelbi,Cutteridge,Human Resources,1975,2017
3630602,Clem,Darnbrough,Human Resources,1975,2011
501810004,Delmore,Raddon,Human Resources,1972,2007
68084421,Eli,Ledley,Services,1970,2021
68382129,Waylin,Bradburn,Business Development,1979,2013
37205637,Fanya,Bunyard,Legal,1993,2000
597621710,Else,Colliber,Product Management,1984,2011
63777073,Gloriana,Brownfield,Legal,1973,2014
24385026,Zed,Howsden,Marketing,1974,2001
61919357,Emalia,Southerill,Services,1972,2006
744317,Issi,Eytel,Accounting,1990,2015
118223865,Cornie,Southby,Human Resources,1989,2003
45802346,Julia,Mogra,Training,1985,2017
2680274,Kerk,Menham,Human Resources,2002,2010
76437609,Berne,Scorthorne,Business Development,1999,2019
54458881,El,Yakunin,Marketing,2003,2020
59465210,Curt,Baal,Support,1993,2008
548686205,Izzy,Bottrell,Product Management,1974,2013
548685230,Agatha,Loudiane,Sales,1980,2008
620110247,Davida,Middiff,Product Management,2002,2008
59262264,Garold,Beacroft,Legal,1987,2015
489518131,Lorne,DeSousa,Legal,1984,2001
51811368,Paolo,MacKeague,Business Development,1971,2002
60429162,Corri,Darragon,Business Development,1997,2013
369871888,Reinhard,Bonin,Human Resources,1977,2016
13925117,Raff,Carus,Accounting,1984,2012
53329641,Hugo,Brose,Support,1993,2007
7813133,Lilith,Phillpot,Research and Development,1989,2011
620110226,Obadiah,Forty,Business Development,1975,2002
35195,Arnold,Roseburgh,Accounting,2000,2003
4072223,Prinz,O'Lenechan,Legal,1975,2002
15127178,Garvin,Muino,Training,1986,2018
22100015,Clayton,Durbann,Services,1978,2019
30142120,Jenine,Pittendreigh,Legal,1971,2000
24385546,Avrit,Theriot,Human Resources,1977,2013
68196532,Randy,Doale,Services,1994,2005
37000058,Tildy,Coltart,Legal,1982,2020
4090217,Theodora,Senyard,Business Development,1997,2013
685163601,Sylas,Duell,Human Resources,1981,2021
55316917,Harlan,Cogswell,Business Development,1989,2012
33261699,Quinta,Bayston,Research and Development,1999,2008
57718040,Averil,Cherry,Marketing,1988,2004
66336357,Rhodia,Crowe,Marketing,1992,2020
68828083,Allard,Lidster,Product Management,1991,2018
11673300,Norma,O'Dooghaine,Support,1990,2010
50006300,Darelle,Elsay,Research and Development,1998,2016
605120015,Isador,Hartil,Sales,1973,2006
33261027,Afton,Keener,Human Resources,1995,2005
49348819,Anson,Cuerdall,Marketing,1990,2012
62250619,Cassy,Hunting,Accounting,1975,2003
14783032,Doyle,Gedling,Engineering,1997,2014
52125734,Alon,Kingscote,Business Development,1997,2022
98132148,Hannah,Ritchley,Human Resources,1990,2015
49349856,Andy,Lowdeane,Training,1970,2004
636293748,Annice,Dane,Accounting,1991,2020
49967372,Luca,McGillivray,Research and Development,1971,2013
489513034,Abelard,Tapley,Engineering,2001,2009
586684091,Pammie,Blackstone,Engineering,1993,2021
427071001,Cherice,Brydson,Legal,2004,2017
548686167,Lacy,Slopier,Research and Development,1998,2009
3786203,Dru,Sergean,Business Development,1994,2008
49884833,Dunn,Vassie,Product Management,1980,2022
52959301,Lory,Chalder,Human Resources,2005,2022
65162514,Aretha,Shirtliff,Business Development,1973,2022
49884579,Leandra,Vescovo,Legal,1997,2010
49981018,Estele,Peerless,Human Resources,1997,2014
51143966,Vincenz,Oda,Training,1989,2009
605128021,Valina,Hembrow,Support,2005,2014
674000,Ariana,Dulson,Human Resources,1981,2012
62584741,Gray,Mannin,Support,1998,2012
49349060,Zacharias,Wynrehame,Accounting,1983,2011
369872291,Kathryne,O' Scallan,Research and Development,1997,2022
13537520,Sheri,Hansel,Legal,1994,2020
3784883,Rowe,Martynov,Marketing,1999,2013
67457393,Cece,Weathey,Engineering,1971,2008
57469003,Sonia,Fidian,Sales,1980,2004
230106,Ardelia,Hearnaman,Support,1995,2001
43269794,Flor,Ragot,Support,1981,2005
5361001,Rebeka,Scruby,Training,1992,2020
43526113,Casi,Warrender,Legal,1984,2009
55648315,Syd,Healing,Human Resources,1986,2000
369873020,Marven,Traynor,Sales,1990,2018
59212780,Anabelle,Leopold,Training,1996,2004
548685834,Karoly,Prothero,Accounting,1970,2014
60429061,Bern,Mosedall,Research and Development,2003,2000
4063249,Prudy,Bracken,Engineering,1972,2009
681511365,Gabie,Boggish,Sales,1981,2003
52959557,Arlene,Poulney,Human Resources,2005,2016
25225012,Waldon,MacKill,Support,1998,2020
24571105,Helga,Linger,Training,1992,2020
615431772,Abigail,Crufts,Research and Development,2004,2007
45548141,Herby,Errol,Services,1983,2021
548686066,Quincy,Scroggie,Services,1986,2006
52125629,Frederic,Cocher,Engineering,1997,2015
449110056,Maximo,De Benedictis,Accounting,1997,2004
115237157,Cecilio,Olrenshaw,Human Resources,1988,2013
62362184,Beaufort,McGarahan,Research and Development,1995,2001
8320510,George,Abate,Sales,1993,2020
14783241,Chery,Ingle,Human Resources,1972,2018
10812370,Far,Lawly,Sales,1989,2001
51079196,Gelya,Foresight,Training,1995,2010
1130698,Emelen,Ballentime,Legal,1977,2010
59401005,Guthrey,Melendez,Product Management,1979,2021
49884106,Fredrick,Tampen,Research and Development,2001,2006
6030235,Jordanna,Goseling,Sales,1971,2006
53441670,Meriel,Thaxter,Legal,1975,2007
37205160,Osbourn,Boffey,Accounting,1986,2015
45802060,Blair,Peddie,Product Management,1972,2008
16714299,Karalee,Housegoe,Services,1971,2005
56062121,Ester,Comar,Marketing,1996,2001
4094200,Kitti,Wathey,Human Resources,1983,2009
7813206,Jeffry,Dovinson,Engineering,1991,2003
14783253,Berny,Jereatt,Research and Development,1975,2006
52125102,Gerrie,Tosh,Services,1987,2014
42549660,Robbyn,Misk,Human Resources,1996,2005
312249,Haroun,Dodimead,Support,1975,2012
61919125,Garrard,Stuehmeyer,Product Management,2003,2001
5550765,Vasili,Crossingham,Support,1973,2009
1850325,Pat,Sones,Engineering,1987,2014
557142304,Hieronymus,Columbell,Legal,2000,2008
59630630,Nevil,Garretson,Human Resources,1975,2009
35356630,Germain,Mayhow,Business Development,1998,2006
46362002,Roosevelt,Birrel,Support,1991,2003
47335675,Stern,Bartul,Accounting,1998,2007
61919171,Laurie,Humberston,Human Resources,1990,2012
52685439,Darleen,Scotchbrook,Training,1989,2022
51079790,Ruth,Robb,Product Management,1991,2004
4094058,Tisha,Bastard,Marketing,1986,2010
551542392,Ronald,Troup,Product Management,1972,2004
489517063,Ted,Watsham,Research and Development,2000,2018
489518166,Agnella,Boshere,Accounting,1982,2021
6157522,Judith,Denisovich,Research and Development,1985,2006
492880213,Hervey,Sporrij,Human Resources,1977,2011
489511046,Vladimir,Engel,Accounting,1998,2002
47124221,Jack,Jenkerson,Product Management,1973,2018
230042,Ansell,Aloshikin,Research and Development,1998,2000
551541422,Elisabet,Rough,Training,1980,2020
595352601,Sutherlan,Dreher,Legal,1987,2016
55111274,Myrtie,Mapston,Product Management,1996,2005
679380825,Chastity,Pash,Human Resources,1989,2013
3786160,Kate,Godson,Accounting,1999,2003
50580496,Selig,Garie,Marketing,1981,2002
66993537,Roobbie,Goater,Training,1973,2014
10578046,Pate,Havis,Accounting,2001,2009
59746283,Marrilee,Geck,Business Development,2005,2011
5191322,Fredelia,Izzat,Research and Development,1979,2018
667156834,Flori,Chardin,Engineering,1973,2012
504369787,Riobard,Le Galle,Human Resources,1989,2017
62499394,Licha,Serridge,Legal,1989,2022
595351301,Dorie,Giacoboni,Human Resources,1991,2012
248460001,Clareta,Passby,Product Management,1975,2021
369873135,Shara,Fratczak,Marketing,1975,2017
369873057,Geordie,Eslinger,Business Development,1997,2019
2737004,Sophronia,Trickey,Product Management,1973,2010
13537351,Gabrielle,Rarity,Accounting,1989,2007
5364544,Arlen,Somes,Engineering,2001,2000
65121883,Emmery,Gauchier,Research and Development,1972,2014
68084444,Krisha,Pounsett,Marketing,1991,2014
49873050,Margette,Durrad,Accounting,1996,2019
55312186,Doris,Wawer,Training,1991,2018
780568,Irvin,Mapowder,Legal,1996,2015
6031588,Ebenezer,Ozintsev,Sales,2000,2000
55316160,Emelina,Abrami,Legal,2005,2002
53034404,Wes,Berzons,Accounting,2001,2019
4068892,Melosa,Lewsam,Sales,1990,2010
296575,Patrice,Pittock,Research and Development,1992,2017
14783250,Lind,Tissier,Marketing,1989,2021
516724116,Stevana,Doughtery,Product Management,1983,2003
10812286,Jasmina,Gogie,Training,1974,2019
65862550,Maura,Fullick,Research and Development,1989,2008
56062906,Stevena,Cornejo,Human Resources,1977,2002
369872278,Jemimah,Coppens,Support,1998,2022
37808578,Tucker,Storres,Legal,1975,2016
5271704,Vick,Penfold,Human Resources,1975,2007
25021654,Zorina,Blesli,Support,2005,2011
43269662,Evanne,Pallatina,Services,2001,2012
74201,Leticia,Taylor,Human Resources,1998,2021
60735,Abran,Soame,Services,2003,2015
636292766,Kirsteni,Beggio,Support,2005,2020
76489001,Gwyneth,Dionsetto,Support,1976,2017
1850236,Ginni,McCourtie,Business Development,1980,2016
55289445,Vincenty,McCuis,Engineering,1983,2007
31722249,Derril,Ricketts,Support,1985,2022
49349834,Michal,Gowthrop,Legal,2003,2016
67777120,Jacquenetta,Camili,Marketing,1981,2001
551545413,Madelena,Croyden,Accounting,1974,2010
21695319,Mitzi,O'Farris,Support,2001,2021
49349864,Julie,Guerrier,Product Management,1970,2013
54575288,Codi,Redwall,Product Management,2001,2014
30142914,Rina,Goggan,Support,2004,2006
49349718,Sandor,Udey,Product Management,1972,2019
369872365,Yves,Vlasov,Sales,1972,2005
93701,Kaylee,Abrahamsohn,Sales,2003,2002
41520621,Oswell,Challace,Sales,1970,2022
596670045,Cissiee,Gallant,Support,1975,2001
489513005,Danella,Gommery,Support,1981,2002
4090181,Georgia,Riddock,Product Management,1981,2001
59450823,Norrie,Faughey,Support,1971,2000
63739285,Mackenzie,Diggar,Engineering,1989,2003
369873300,Romonda,Fitkin,Legal,1977,2011
619571430,Trueman,Dockrill,Marketing,2002,2003
574515065,Jolee,Byrne,Business Development,1972,2012
14783077,Katherine,Crust,Marketing,1994,2017
14783038,Zora,Hewson,Training,1993,2015
10544214,Kaja,Ricardet,Engineering,1973,2021
548685930,Corey,Hassett,Training,2004,2021
16590085,George,Spuffard,Accounting,1985,2002
1439723,Octavia,Steinor,Training,1998,2003
3630504,Maxie,Wickes,Marketing,2001,2021
24208443,Giovanna,Densie,Business Development,2004,2015
13107145,Robbyn,Witty,Support,1975,2000
53329948,Darsie,Mellodey,Product Management,2005,2016
538080238,Clarie,Sides,Human Resources,1994,2019
42254230,Prescott,Marland,Training,1990,2021
511410240,Keene,Geach,Accounting,1998,2010
55289206,Brock,Lowdwell,Services,1994,2000
649420001,Nehemiah,Demann,Research and Development,1988,2008
58737112,Duffie,Sidney,Product Management,1980,2000
636531171,Nanice,Canceller,Marketing,1974,2021
54436015,Renado,Kerley,Business Development,1979,2020
23155290,Gladys,Ravilus,Business Development,1974,2014
68180557,Carly,McCarty,Business Development,1996,2009
1680146,Nicoli,Tarbox,Accounting,1981,2009
54365400,Henderson,Avramow,Product Management,1987,2015
489517090,Gaile,Tearny,Services,1970,2016
647780217,Vick,Truluck,Business Development,1984,2003
636295437,Reeta,Imloch,Human Resources,1979,2008
15127318,Werner,Filler,Support,2001,2018
3630384,Marijn,Franies,Legal,1985,2002
9045200,Ladonna,Kubes,Human Resources,1983,2006
548686189,Linus,Ivakhin,Marketing,1980,2016
98132186,Lucienne,Laite,Business Development,1990,2019
534990990,Clementina,Broxholme,Support,1987,2011
492880033,Rhona,Tully,Engineering,1975,2005
66993022,Aurlie,Talloe,Services,1994,2013
59039002,Tait,Johl,Business Development,1994,2007
100960180,Gustavo,Minors,Human Resources,1978,2018
59779819,Beniamino,Parmeter,Accounting,1986,2003
51079409,Kial,Di Batista,Legal,1993,2007
43419802,Konstantin,Szymonwicz,Legal,2004,2013
64380747,Raye,Spearing,Sales,1976,2015
35356744,Ezekiel,Ordish,Legal,1998,2005
24385403,Bobbye,Tuffey,Legal,1984,2013
2802000,Dusty,Chart,Marketing,1990,2021
2686308,Sukey,Jebb,Human Resources,1993,2005
34330002,Koo,Wakerley,Engineering,1992,2017
10702018,Kile,Sharpley,Sales,2002,2002
50804392,Horten,Falla,Product Management,1973,2005
16571421,Jenifer,Kinchington,Support,1971,2021
649421282,Humphrey,Moyle,Product Management,1991,2010
25021142,Tildie,Lawry,Support,1971,2009
5740412,Chelsie,Jeste,Training,1991,2020
66129134,Karney,KnollesGreen,Legal,1996,2008
10812384,Kristyn,Rogez,Product Management,1970,2018
5913453,Willie,Skey,Marketing,1985,2000
68915280,Noell,Martyns,Marketing,1999,2012
10019633,Yanaton,Adame,Legal,1999,2011
66435410,Melvin,Driscoll,Business Development,1983,2017
764721141,Warde,Treker,Research and Development,2000,2020
936137,Amos,Burkart,Engineering,1984,2012
49738987,Alister,MacKean,Engineering,1995,2017
11673340,Hillyer,Keedwell,Marketing,1981,2020
7813059,Bailie,Kimmel,Training,1979,2016
55910952,Earlie,Armor,Accounting,1980,2009
49967629,Korey,Bage,Marketing,2003,2016
4063243,Raoul,Ickovic,Product Management,1992,2004
743165,Farra,Fragino,Human Resources,1981,2019
68462163,Isahella,Mockett,Accounting,2005,2014
49349668,Karoly,Bernardon,Engineering,2004,2013
59575501,Wyn,Sketh,Accounting,1982,2018
